"seccion","dominio","ln","pan_pm15","pri_pm15","prd_pm15","pt_pm15","pvem_pm15","mc_pm15","na_pm15","morena_pm15","ph_pm15","pes_pm15","pfd_pm15","pripvemna_pm15","pripvem_pm15","prina_pm15","pvemna_pm15","panpt_pm15","candidatoindependiente_pm15","noregistrados_pm15","nulos_pm15","total_pm15","nh","pik","estrato.simulacion","id_unit","prob","stratum","fexp","seccion_sustituta"
2187,0,1132,503,411,25,2,2,0,0,0,0,0,0,1,4,1,1,0,0,0,12,962,49,0.020408163,1,19,0.040816327,1,24.5,
4724,0,1809,268,281,100,34,11,0,23,35,40,17,3,2,5,4,0,8,0,0,31,862,49,0.020408163,1,43,0.040816327,1,24.5,
4703,0,2822,806,462,111,26,15,0,26,29,61,23,34,4,9,1,0,16,0,2,63,1688,28,0.035714286,2,59,0.071428571,2,14,
5794,0,3100,538,416,25,36,21,538,8,66,27,0,26,1,2,1,1,7,0,2,53,1768,28,0.035714286,2,73,0.071428571,2,14,
400,1,2167,592,120,20,5,18,36,12,95,0,50,5,0,0,0,0,0,0,2,63,1018,72,0.013888889,3,78,0.055555556,3,18,2460
2000,1,3019,735,555,96,16,22,7,29,73,31,27,4,0,9,0,0,0,0,2,44,1650,72,0.013888889,3,96,0.055555556,3,18,
2308,1,3456,884,542,385,46,53,0,34,69,0,0,0,3,13,0,0,0,0,0,75,2104,72,0.013888889,3,114,0.055555556,3,18,
3938,1,1366,331,191,35,6,4,27,7,87,4,85,58,0,0,0,0,2,0,0,29,866,72,0.013888889,3,132,0.055555556,3,18,
259,1,1092,180,114,16,6,9,12,22,56,0,44,4,0,1,0,0,0,0,0,32,496,753,0.001328021,4,159,0.035856574,4,27.88888889,2984
286,1,592,0,0,0,0,0,0,0,0,0,0,0,0,0,0,0,0,0,0,0,0,753,0.001328021,4,186,0.035856574,4,27.88888889,
314,1,3057,428,394,53,18,38,33,36,144,0,77,19,0,4,0,0,1,0,0,56,1301,753,0.001328021,4,214,0.035856574,4,27.88888889,
342,1,2402,353,312,50,9,19,68,22,85,0,26,4,0,0,0,0,0,0,0,37,985,753,0.001328021,4,242,0.035856574,4,27.88888889,
370,1,1359,363,101,12,4,13,24,18,63,0,34,5,0,3,0,0,0,0,2,57,699,753,0.001328021,4,270,0.035856574,4,27.88888889,2449
398,1,2503,455,300,34,23,28,36,32,102,0,55,6,0,8,0,0,1,0,2,37,1119,753,0.001328021,4,298,0.035856574,4,27.88888889,
1963,1,8832,1068,1137,772,32,64,254,48,94,172,101,0,10,34,1,0,0,0,2,92,3881,753,0.001328021,4,326,0.035856574,4,27.88888889,
2018,1,1926,297,304,101,8,14,12,21,58,13,42,5,1,3,0,0,0,0,3,44,926,753,0.001328021,4,354,0.035856574,4,27.88888889,
2052,1,1078,98,222,50,6,21,7,17,52,12,23,3,2,8,0,0,0,0,1,40,562,753,0.001328021,4,382,0.035856574,4,27.88888889,
2579,1,930,324,67,21,5,17,19,24,57,17,37,2,1,1,0,0,0,0,2,28,622,753,0.001328021,4,410,0.035856574,4,27.88888889,
2606,1,1579,248,156,30,9,22,14,19,63,16,33,10,4,1,0,1,0,0,0,27,653,753,0.001328021,4,437,0.035856574,4,27.88888889,
2634,1,1534,169,139,22,15,27,25,21,80,12,30,2,0,3,0,0,0,0,0,28,573,753,0.001328021,4,465,0.035856574,4,27.88888889,
2662,1,2326,218,267,65,16,34,31,14,147,32,45,4,1,4,1,3,0,0,1,42,925,753,0.001328021,4,493,0.035856574,4,27.88888889,
2691,1,984,199,122,19,2,15,14,9,62,24,35,3,2,4,0,0,0,0,2,24,536,753,0.001328021,4,521,0.035856574,4,27.88888889,
2730,1,1118,369,93,14,4,7,14,13,68,18,26,3,0,0,0,0,0,0,2,57,688,753,0.001328021,4,549,0.035856574,4,27.88888889,2791
2758,1,1287,509,90,39,2,10,16,6,42,11,16,8,0,2,0,0,0,0,1,20,772,753,0.001328021,4,577,0.035856574,4,27.88888889,
2786,1,799,336,53,7,3,5,5,4,48,12,14,3,2,2,0,0,0,0,1,29,524,753,0.001328021,4,605,0.035856574,4,27.88888889,
2814,1,1303,459,107,30,3,15,15,13,67,16,32,3,0,0,0,0,0,0,1,48,809,753,0.001328021,4,633,0.035856574,4,27.88888889,2909
2842,1,558,160,57,13,2,4,6,7,26,11,6,2,0,1,0,0,0,0,0,29,324,753,0.001328021,4,661,0.035856574,4,27.88888889,
2869,1,849,125,102,20,6,10,8,7,49,17,26,1,0,5,0,0,0,0,1,14,391,753,0.001328021,4,688,0.035856574,4,27.88888889,
2897,1,1567,205,162,41,10,18,64,14,35,19,47,1,0,5,0,0,0,0,1,20,642,753,0.001328021,4,716,0.035856574,4,27.88888889,
2925,1,4308,470,421,107,26,28,72,29,163,32,69,6,1,8,0,0,0,0,2,61,1495,753,0.001328021,4,744,0.035856574,4,27.88888889,
2953,1,2213,225,217,80,18,22,18,24,147,16,31,2,0,3,0,0,0,0,0,36,839,753,0.001328021,4,772,0.035856574,4,27.88888889,
2981,1,1418,174,175,30,16,26,20,17,55,23,30,5,0,3,0,0,0,0,1,30,605,753,0.001328021,4,800,0.035856574,4,27.88888889,
3010,1,1067,122,129,23,8,15,16,12,82,16,25,1,0,2,0,0,0,0,1,27,479,753,0.001328021,4,828,0.035856574,4,27.88888889,
3934,1,1434,269,253,19,8,5,72,16,91,11,30,22,0,0,0,0,1,0,0,17,814,753,0.001328021,4,856,0.035856574,4,27.88888889,
6414,1,655,75,123,70,1,1,8,5,2,2,10,0,0,7,0,0,0,0,0,6,310,753,0.001328021,4,884,0.035856574,4,27.88888889,
30,0,1266,149,214,15,15,234,0,83,9,0,0,0,0,0,0,0,0,0,0,35,754,814,0.001228501,5,929,0.033169533,5,30.14814815,
88,0,752,161,337,3,10,0,1,3,1,10,0,0,1,5,0,0,0,0,0,5,537,814,0.001228501,5,959,0.033169533,5,30.14814815,
119,0,1613,82,188,261,77,14,21,72,17,44,16,4,0,0,0,0,0,0,2,27,825,814,0.001228501,5,989,0.033169533,5,30.14814815,
432,0,908,57,263,8,181,4,2,13,6,0,5,1,0,0,0,0,0,0,0,16,556,814,0.001228501,5,1019,0.033169533,5,30.14814815,
641,0,1481,202,476,58,179,3,0,2,81,0,0,1,2,3,0,0,0,0,0,23,1030,814,0.001228501,5,1050,0.033169533,5,30.14814815,
2217,0,1718,32,237,37,13,23,139,28,19,6,44,1,0,0,0,0,0,0,0,66,645,814,0.001228501,5,1080,0.033169533,5,30.14814815,
2279,0,312,17,90,36,1,0,0,89,1,0,0,0,0,0,0,0,0,0,0,7,241,814,0.001228501,5,1110,0.033169533,5,30.14814815,
2322,0,1153,5,368,13,108,15,26,19,101,2,5,1,0,0,0,0,3,0,0,37,703,814,0.001228501,5,1140,0.033169533,5,30.14814815,
2360,0,900,149,220,13,17,3,11,8,37,2,11,4,0,2,0,0,0,0,0,23,500,814,0.001228501,5,1170,0.033169533,5,30.14814815,
2406,0,1054,271,210,31,38,1,2,11,40,13,10,0,1,0,0,0,0,0,0,26,654,814,0.001228501,5,1200,0.033169533,5,30.14814815,
2557,0,1157,206,330,12,9,9,164,0,4,0,25,1,0,0,0,0,0,0,0,28,788,814,0.001228501,5,1230,0.033169533,5,30.14814815,
3875,0,1682,243,405,12,8,12,109,173,13,5,0,2,0,0,0,0,0,0,0,42,1024,814,0.001228501,5,1261,0.033169533,5,30.14814815,
4014,0,886,137,390,13,0,10,0,10,10,0,0,1,0,16,1,0,0,0,0,25,613,814,0.001228501,5,1291,0.033169533,5,30.14814815,
4051,0,2111,155,747,34,24,17,6,55,31,11,14,1,0,0,0,0,0,0,0,82,1177,814,0.001228501,5,1321,0.033169533,5,30.14814815,
4084,0,1005,204,233,17,5,5,55,11,7,0,7,7,0,0,0,0,0,0,0,51,602,814,0.001228501,5,1351,0.033169533,5,30.14814815,
4155,0,701,91,139,171,132,0,0,11,10,0,0,0,0,0,0,0,0,0,0,7,561,814,0.001228501,5,1381,0.033169533,5,30.14814815,
4277,0,240,31,54,53,19,1,0,9,4,0,0,0,0,0,0,0,0,0,0,8,179,814,0.001228501,5,1411,0.033169533,5,30.14814815,
4348,0,1607,187,360,422,11,11,17,9,9,15,12,5,1,6,0,0,0,0,0,42,1107,814,0.001228501,5,1441,0.033169533,5,30.14814815,
4383,0,1126,214,312,196,6,15,1,4,3,0,0,1,0,0,0,0,0,0,0,27,779,814,0.001228501,5,1472,0.033169533,5,30.14814815,
4415,0,2473,53,392,19,51,48,338,9,40,10,12,0,0,13,0,0,17,0,0,51,1053,814,0.001228501,5,1502,0.033169533,5,30.14814815,
4463,0,814,61,198,43,15,4,16,19,49,15,4,2,0,0,0,0,0,0,0,46,472,814,0.001228501,5,1532,0.033169533,5,30.14814815,
4732,0,832,204,368,12,0,1,0,7,2,0,0,1,0,0,0,0,0,0,0,15,610,814,0.001228501,5,1562,0.033169533,5,30.14814815,
5409,0,1923,166,355,47,20,23,14,29,39,12,37,4,5,4,0,0,0,0,0,25,780,814,0.001228501,5,1592,0.033169533,5,30.14814815,
5753,0,1085,133,546,3,2,1,3,1,4,36,1,1,0,4,0,0,0,0,0,12,747,814,0.001228501,5,1622,0.033169533,5,30.14814815,
5783,0,1522,350,781,9,2,4,6,8,5,14,1,12,1,3,0,0,2,0,0,31,1229,814,0.001228501,5,1652,0.033169533,5,30.14814815,
5843,0,3429,74,213,28,22,11,29,23,30,18,15,12,0,0,0,0,0,0,0,34,509,814,0.001228501,5,1683,0.033169533,5,30.14814815,
5937,0,493,68,149,13,3,2,6,5,11,0,1,4,0,0,0,0,0,0,0,9,271,814,0.001228501,5,1713,0.033169533,5,30.14814815,
151,0,1756,177,335,367,35,5,0,18,24,0,200,0,1,0,5,0,4,0,5,30,1206,627,0.001594896,6,1738,0.043062201,6,23.22222222,
503,0,986,158,236,10,144,2,15,5,14,115,10,3,0,3,0,0,0,0,1,13,729,627,0.001594896,6,1761,0.043062201,6,23.22222222,
2197,0,1302,35,290,40,18,18,192,8,6,16,17,1,0,0,0,0,0,0,0,42,683,627,0.001594896,6,1784,0.043062201,6,23.22222222,
2345,0,715,170,219,4,18,4,5,5,13,6,3,0,1,1,0,0,0,0,0,15,464,627,0.001594896,6,1807,0.043062201,6,23.22222222,
2424,0,2952,315,825,91,45,23,13,23,57,18,28,2,0,9,0,0,0,0,2,42,1493,627,0.001594896,6,1830,0.043062201,6,23.22222222,
2479,0,1980,321,440,30,68,26,30,26,108,18,63,4,0,3,0,0,0,0,1,55,1193,627,0.001594896,6,1854,0.043062201,6,23.22222222,
2502,0,2027,426,402,19,47,23,37,34,106,41,43,1,1,1,0,0,0,0,6,56,1243,627,0.001594896,6,1877,0.043062201,6,23.22222222,
2525,0,1691,245,367,23,52,16,33,51,90,38,53,7,2,7,0,0,0,0,5,56,1045,627,0.001594896,6,1900,0.043062201,6,23.22222222,
2550,0,1384,58,203,33,118,5,177,3,169,29,79,0,0,9,0,0,4,0,0,17,904,627,0.001594896,6,1923,0.043062201,6,23.22222222,
3906,0,2245,378,481,59,34,24,88,18,159,16,24,16,0,0,0,0,4,0,0,25,1326,627,0.001594896,6,1947,0.043062201,6,23.22222222,
4132,0,2328,367,505,46,40,22,100,62,88,119,27,9,0,0,0,0,0,0,0,31,1416,627,0.001594896,6,1970,0.043062201,6,23.22222222,
4349,0,1716,120,439,475,11,5,7,12,11,32,11,2,1,2,0,0,0,0,1,39,1168,627,0.001594896,6,1993,0.043062201,6,23.22222222,
4451,0,2413,232,407,289,53,13,69,37,149,99,34,5,1,0,0,0,0,0,0,44,1432,627,0.001594896,6,2016,0.043062201,6,23.22222222,
5174,0,1765,464,322,77,55,25,30,34,60,35,42,8,0,2,1,0,0,0,2,41,1198,627,0.001594896,6,2039,0.043062201,6,23.22222222,
5198,0,1346,176,266,60,28,15,11,15,32,20,19,4,0,2,0,0,0,0,0,33,681,627,0.001594896,6,2063,0.043062201,6,23.22222222,
5221,0,810,189,184,39,45,14,9,9,17,9,20,2,1,1,0,0,0,0,0,16,555,627,0.001594896,6,2086,0.043062201,6,23.22222222,
5244,0,1430,230,232,39,42,41,21,15,44,28,47,6,0,2,0,0,0,0,4,29,780,627,0.001594896,6,2109,0.043062201,6,23.22222222,
5267,0,2865,167,653,64,44,28,55,18,51,17,78,8,3,16,0,0,0,0,1,63,1266,627,0.001594896,6,2132,0.043062201,6,23.22222222,
5291,0,2894,392,465,98,44,62,48,41,111,42,71,9,0,2,0,0,0,0,4,51,1440,627,0.001594896,6,2156,0.043062201,6,23.22222222,
5314,0,1545,321,241,43,50,18,17,17,58,30,29,2,0,0,0,0,0,0,1,47,874,627,0.001594896,6,2179,0.043062201,6,23.22222222,
5337,0,3193,267,533,134,65,68,48,50,96,35,40,6,5,10,0,0,0,0,1,62,1420,627,0.001594896,6,2202,0.043062201,6,23.22222222,
5377,0,1523,183,303,66,25,9,31,59,27,19,49,4,0,3,2,0,0,0,1,36,817,627,0.001594896,6,2225,0.043062201,6,23.22222222,
5414,0,4835,562,620,104,73,55,68,68,131,68,89,15,0,3,0,0,0,0,4,86,1946,627,0.001594896,6,2248,0.043062201,6,23.22222222,
5445,0,1332,63,465,294,4,3,0,2,24,90,0,1,0,0,0,0,0,0,0,17,963,627,0.001594896,6,2272,0.043062201,6,23.22222222,
5824,0,1378,229,247,70,39,14,54,55,53,16,21,31,0,0,0,0,0,0,0,39,868,627,0.001594896,6,2295,0.043062201,6,23.22222222,
6434,0,739,119,108,22,12,4,14,9,36,16,28,3,0,0,0,0,0,0,1,15,387,627,0.001594896,6,2318,0.043062201,6,23.22222222,
6460,0,848,71,103,14,7,18,13,15,52,15,27,4,1,1,0,0,0,0,1,11,353,627,0.001594896,6,2341,0.043062201,6,23.22222222,
225,1,862,108,182,20,4,5,94,1,6,7,68,0,0,1,0,0,0,0,0,12,508,241,0.004149378,7,2361,0.041493776,7,24.1,
475,1,685,60,253,8,154,3,0,12,3,4,2,0,0,0,0,0,0,0,0,9,508,241,0.004149378,7,2385,0.041493776,7,24.1,
691,1,9312,787,1271,404,155,55,79,67,303,0,158,0,0,8,0,0,0,0,133,78,3498,241,0.004149378,7,2409,0.041493776,7,24.1,
1123,1,2105,14,284,243,11,22,5,18,197,30,98,0,2,3,0,0,0,0,1,37,965,241,0.004149378,7,2433,0.041493776,7,24.1,
3793,1,3468,284,864,48,18,31,177,44,103,27,28,1,9,12,0,1,0,0,0,42,1689,241,0.004149378,7,2457,0.041493776,7,24.1,
4114,1,993,231,221,8,8,2,8,2,162,0,0,1,0,1,0,0,0,0,0,13,657,241,0.004149378,7,2481,0.041493776,7,24.1,
4529,1,729,109,181,37,14,5,5,8,5,0,35,2,0,0,0,0,0,0,1,13,415,241,0.004149378,7,2505,0.041493776,7,24.1,
4560,1,1087,90,218,96,3,1,125,8,144,17,0,0,1,0,0,0,0,0,1,6,710,241,0.004149378,7,2530,0.041493776,7,24.1,
5710,1,1481,301,413,4,20,17,114,23,49,0,0,0,0,0,0,0,0,29,0,32,1002,241,0.004149378,7,2554,0.041493776,7,24.1,
5914,1,1162,130,208,75,26,5,28,20,53,22,28,4,0,0,0,0,0,0,0,16,615,241,0.004149378,7,2578,0.041493776,7,24.1,
35,1,3173,36,1397,312,31,18,45,3,50,36,46,0,0,8,0,0,0,28,16,33,2059,2706,0.000369549,8,2587,0.038063562,8,26.27184466,
201,1,1431,20,208,134,6,13,85,6,30,0,291,39,0,2,0,0,0,0,0,20,854,2706,0.000369549,8,2613,0.038063562,8,26.27184466,
464,1,2607,276,319,408,30,10,386,5,49,0,25,112,0,2,0,0,0,0,0,43,1665,2706,0.000369549,8,2639,0.038063562,8,26.27184466,
543,1,1588,127,227,107,11,30,24,26,67,28,78,2,4,5,2,0,0,0,1,28,767,2706,0.000369549,8,2666,0.038063562,8,26.27184466,
569,1,9774,728,997,737,66,138,195,137,568,146,302,47,3,10,0,1,0,0,5,210,4290,2706,0.000369549,8,2692,0.038063562,8,26.27184466,
595,1,2632,174,305,196,23,56,69,33,120,43,95,6,0,9,0,0,0,0,3,53,1185,2706,0.000369549,8,2718,0.038063562,8,26.27184466,
621,1,1593,240,184,145,15,22,26,8,87,20,37,0,0,9,0,0,0,0,2,31,826,2706,0.000369549,8,2744,0.038063562,8,26.27184466,
693,1,2913,534,427,50,15,41,29,68,147,28,74,3,3,5,1,0,3,0,1,49,1478,2706,0.000369549,8,2771,0.038063562,8,26.27184466,
719,1,1962,183,395,29,8,19,19,14,296,9,24,2,0,6,0,0,0,0,1,28,1033,2706,0.000369549,8,2797,0.038063562,8,26.27184466,
745,1,1002,139,203,16,7,25,11,10,48,5,23,1,0,6,1,0,0,0,0,20,515,2706,0.000369549,8,2823,0.038063562,8,26.27184466,
772,1,530,67,101,6,4,5,5,6,43,9,18,0,0,0,0,0,0,0,0,12,276,2706,0.000369549,8,2850,0.038063562,8,26.27184466,
798,1,2237,581,238,21,31,17,35,28,146,35,117,7,0,0,0,0,0,0,3,70,1329,2706,0.000369549,8,2876,0.038063562,8,26.27184466,
824,1,1411,336,135,19,19,10,29,21,97,32,63,6,0,0,0,0,0,0,1,36,804,2706,0.000369549,8,2902,0.038063562,8,26.27184466,
851,1,3266,354,420,121,32,47,57,41,171,51,121,4,2,6,0,0,1,0,12,34,1474,2706,0.000369549,8,2928,0.038063562,8,26.27184466,
879,1,1778,532,150,11,7,10,23,12,65,21,39,7,0,0,0,0,0,0,2,46,925,2706,0.000369549,8,2955,0.038063562,8,26.27184466,
905,1,1568,144,265,34,14,19,28,32,70,21,37,3,0,1,0,0,1,0,0,30,699,2706,0.000369549,8,2981,0.038063562,8,26.27184466,
1025,1,3080,83,378,302,10,27,429,17,101,26,126,14,0,4,0,1,0,0,1,63,1582,2706,0.000369549,8,3007,0.038063562,8,26.27184466,
1063,1,2535,84,378,335,14,12,101,22,123,21,71,4,2,4,0,0,0,0,0,40,1211,2706,0.000369549,8,3033,0.038063562,8,26.27184466,
1124,1,2801,28,301,494,10,20,10,20,365,32,139,4,0,1,0,0,0,0,2,50,1476,2706,0.000369549,8,3060,0.038063562,8,26.27184466,
1151,1,4265,59,536,136,19,51,13,35,239,22,60,2,0,4,2,0,0,0,1,57,1236,2706,0.000369549,8,3086,0.038063562,8,26.27184466,
1177,1,2471,28,344,104,14,32,11,27,150,27,48,17,1,3,0,0,0,0,3,39,848,2706,0.000369549,8,3112,0.038063562,8,26.27184466,
1204,1,2984,28,304,140,17,33,16,28,215,24,41,4,1,3,0,0,0,0,1,48,903,2706,0.000369549,8,3139,0.038063562,8,26.27184466,
1231,1,1770,34,233,103,10,27,14,24,120,14,21,6,0,1,0,0,0,0,2,36,645,2706,0.000369549,8,3165,0.038063562,8,26.27184466,
1267,1,6704,87,843,398,64,87,33,58,230,42,101,21,1,11,0,0,0,0,0,64,2040,2706,0.000369549,8,3191,0.038063562,8,26.27184466,
1313,1,799,39,128,48,9,17,31,17,55,10,27,5,0,1,0,0,0,0,0,25,412,2706,0.000369549,8,3217,0.038063562,8,26.27184466,
1341,1,1823,81,241,312,11,14,21,14,90,22,42,8,0,1,0,0,0,0,2,54,913,2706,0.000369549,8,3244,0.038063562,8,26.27184466,
1367,1,2629,64,330,212,34,43,24,56,170,36,68,10,0,1,0,0,0,0,1,54,1103,2706,0.000369549,8,3270,0.038063562,8,26.27184466,
1393,1,4783,113,541,278,53,73,39,90,264,88,105,8,3,11,1,0,0,0,2,123,1792,2706,0.000369549,8,3296,0.038063562,8,26.27184466,
1419,1,1790,60,308,135,22,31,17,29,129,13,42,21,0,6,0,4,0,0,2,41,860,2706,0.000369549,8,3322,0.038063562,8,26.27184466,
1446,1,1235,30,180,78,8,16,18,14,101,10,37,2,0,4,0,0,0,0,1,23,522,2706,0.000369549,8,3349,0.038063562,8,26.27184466,
1472,1,1252,30,182,42,17,32,7,10,126,18,36,0,0,1,0,0,0,0,0,18,519,2706,0.000369549,8,3375,0.038063562,8,26.27184466,
1498,1,1266,43,175,82,12,53,9,19,86,22,34,7,2,4,0,0,0,0,1,36,585,2706,0.000369549,8,3401,0.038063562,8,26.27184466,
1525,1,2308,93,394,134,23,36,21,29,78,10,31,2,0,18,11,0,0,0,0,31,911,2706,0.000369549,8,3428,0.038063562,8,26.27184466,
1551,1,947,27,152,92,10,21,7,19,46,8,24,1,0,2,0,0,0,0,1,23,433,2706,0.000369549,8,3454,0.038063562,8,26.27184466,
1577,1,768,29,143,45,6,30,7,24,56,12,14,1,1,4,0,0,0,0,0,13,385,2706,0.000369549,8,3480,0.038063562,8,26.27184466,
1603,1,866,35,129,59,15,21,16,17,53,9,12,4,0,0,0,0,0,0,1,24,395,2706,0.000369549,8,3506,0.038063562,8,26.27184466,
1630,1,820,27,162,68,16,26,6,7,63,11,25,3,0,0,0,0,0,0,1,21,436,2706,0.000369549,8,3533,0.038063562,8,26.27184466,
1656,1,1051,30,157,73,14,20,19,11,67,7,14,2,0,2,0,1,0,0,1,25,443,2706,0.000369549,8,3559,0.038063562,8,26.27184466,
1682,1,1515,25,244,105,13,26,11,21,63,18,35,2,2,5,1,0,0,0,0,20,591,2706,0.000369549,8,3585,0.038063562,8,26.27184466,
1708,1,1670,44,208,87,11,24,26,40,139,12,41,1,0,1,1,0,0,0,0,39,674,2706,0.000369549,8,3611,0.038063562,8,26.27184466,
1737,1,1238,26,221,87,20,17,22,23,47,15,17,4,1,3,0,0,0,0,0,32,535,2706,0.000369549,8,3638,0.038063562,8,26.27184466,
1763,1,1815,49,298,125,18,32,11,20,109,17,43,5,1,7,0,0,0,0,1,29,765,2706,0.000369549,8,3664,0.038063562,8,26.27184466,
1790,1,2643,96,323,271,34,48,26,38,164,26,66,3,4,3,0,0,0,0,2,65,1169,2706,0.000369549,8,3690,0.038063562,8,26.27184466,
1817,1,948,21,161,128,5,13,5,10,26,10,16,1,0,0,0,0,0,0,0,30,426,2706,0.000369549,8,3717,0.038063562,8,26.27184466,
1844,1,1483,47,234,133,12,14,10,10,42,13,24,1,0,2,0,0,0,0,0,18,560,2706,0.000369549,8,3743,0.038063562,8,26.27184466,
1870,1,2569,135,254,136,39,58,33,69,181,38,66,5,1,4,0,0,0,0,0,92,1111,2706,0.000369549,8,3769,0.038063562,8,26.27184466,
1896,1,1020,54,153,56,22,20,19,21,60,9,27,5,0,1,0,0,0,0,0,18,465,2706,0.000369549,8,3795,0.038063562,8,26.27184466,
1923,1,1051,54,163,57,10,28,17,19,72,22,25,3,0,3,0,0,0,0,0,33,506,2706,0.000369549,8,3822,0.038063562,8,26.27184466,
1949,1,1387,109,184,73,19,19,22,23,104,23,32,3,0,6,0,0,0,0,0,34,651,2706,0.000369549,8,3848,0.038063562,8,26.27184466,
2090,1,1334,24,251,228,9,19,11,10,36,5,12,1,1,4,0,0,0,0,3,24,638,2706,0.000369549,8,3874,0.038063562,8,26.27184466,
2125,1,1993,80,356,223,10,29,11,16,55,10,29,4,1,2,0,0,0,0,0,19,845,2706,0.000369549,8,3900,0.038063562,8,26.27184466,
2158,1,2485,136,579,437,10,18,21,11,26,8,25,1,0,8,0,0,0,0,0,42,1322,2706,0.000369549,8,3927,0.038063562,8,26.27184466,
3728,1,9829,656,1445,224,42,98,142,104,247,137,112,12,3,23,0,0,0,0,2,91,3338,2706,0.000369549,8,3953,0.038063562,8,26.27184466,
3755,1,2288,286,352,41,17,16,115,32,118,26,38,6,4,3,0,0,0,0,2,29,1085,2706,0.000369549,8,3979,0.038063562,8,26.27184466,
3782,1,4210,328,567,71,22,52,94,48,173,50,80,5,0,4,1,0,0,0,4,64,1563,2706,0.000369549,8,4006,0.038063562,8,26.27184466,
3824,1,1273,298,536,10,0,4,19,4,10,5,0,0,6,26,2,0,0,0,1,13,934,2706,0.000369549,8,4032,0.038063562,8,26.27184466,
3965,1,1676,55,223,204,23,9,8,11,86,14,40,3,118,0,0,0,0,0,0,30,824,2706,0.000369549,8,4058,0.038063562,8,26.27184466,
3991,1,1123,22,248,262,16,5,39,3,30,8,8,4,1,4,0,1,0,0,2,35,688,2706,0.000369549,8,4084,0.038063562,8,26.27184466,
4198,1,2020,207,421,117,24,22,39,66,162,28,43,6,4,4,0,0,0,0,0,62,1205,2706,0.000369549,8,4111,0.038063562,8,26.27184466,
4228,1,13595,1119,2157,301,112,325,175,184,815,216,400,77,12,16,0,0,0,0,14,255,6178,2706,0.000369549,8,4137,0.038063562,8,26.27184466,
4328,1,1838,10,252,277,135,5,332,4,18,0,153,0,1,2,0,0,2,0,0,21,1212,2706,0.000369549,8,4163,0.038063562,8,26.27184466,
4538,1,2455,276,600,301,97,10,21,12,125,0,69,6,0,10,0,0,0,0,1,49,1577,2706,0.000369549,8,4189,0.038063562,8,26.27184466,
4749,1,1078,17,154,4,9,1,151,1,23,2,262,7,0,4,0,0,0,0,2,12,649,2706,0.000369549,8,4216,0.038063562,8,26.27184466,
4778,1,1766,187,202,146,16,23,8,17,83,41,22,2,1,3,0,0,1,0,0,37,789,2706,0.000369549,8,4242,0.038063562,8,26.27184466,
4804,1,2671,165,287,126,30,18,21,46,112,35,46,3,1,4,0,0,0,0,1,60,955,2706,0.000369549,8,4268,0.038063562,8,26.27184466,
4831,1,2214,130,207,128,12,32,16,22,103,25,51,3,2,4,9,1,1,0,0,14,760,2706,0.000369549,8,4295,0.038063562,8,26.27184466,
4857,1,1232,152,174,39,11,23,25,10,85,19,43,4,1,1,0,0,0,0,7,37,631,2706,0.000369549,8,4321,0.038063562,8,26.27184466,
4883,1,1417,110,242,103,10,23,18,11,42,10,21,1,0,4,0,0,0,0,1,20,616,2706,0.000369549,8,4347,0.038063562,8,26.27184466,
4909,1,1758,209,205,100,6,27,16,12,107,22,37,6,0,3,0,0,0,0,0,36,786,2706,0.000369549,8,4373,0.038063562,8,26.27184466,
4936,1,843,58,160,51,7,6,7,11,28,12,9,2,0,1,0,0,1,0,0,11,364,2706,0.000369549,8,4400,0.038063562,8,26.27184466,
4962,1,1316,77,213,96,7,15,20,10,62,16,28,4,0,1,0,0,2,0,1,25,577,2706,0.000369549,8,4426,0.038063562,8,26.27184466,
4988,1,2000,173,218,76,11,28,17,24,80,31,41,5,1,7,0,0,0,0,0,51,763,2706,0.000369549,8,4452,0.038063562,8,26.27184466,
5014,1,1351,274,130,38,3,29,22,15,72,26,51,6,0,4,0,0,0,0,4,46,720,2706,0.000369549,8,4478,0.038063562,8,26.27184466,
5041,1,853,98,98,24,3,11,3,8,26,12,36,5,0,2,0,0,0,0,1,20,347,2706,0.000369549,8,4505,0.038063562,8,26.27184466,
5067,1,1618,158,188,66,12,11,22,8,108,12,23,0,0,1,0,0,0,0,0,14,623,2706,0.000369549,8,4531,0.038063562,8,26.27184466,
5093,1,1003,156,145,14,6,15,7,15,25,15,12,3,0,5,0,0,2,0,0,12,432,2706,0.000369549,8,4557,0.038063562,8,26.27184466,
5119,1,1484,209,157,96,3,17,15,17,76,15,21,4,0,2,0,0,0,0,1,44,677,2706,0.000369549,8,4583,0.038063562,8,26.27184466,
5491,1,1725,86,262,224,7,13,21,16,49,13,30,0,0,7,0,0,0,0,0,29,757,2706,0.000369549,8,4610,0.038063562,8,26.27184466,
5517,1,1823,48,235,377,21,25,19,16,72,18,32,0,4,2,1,0,0,0,3,17,890,2706,0.000369549,8,4636,0.038063562,8,26.27184466,
5543,1,3262,72,354,165,61,24,35,28,199,42,60,0,4,5,0,0,0,0,0,58,1107,2706,0.000369549,8,4662,0.038063562,8,26.27184466,
5570,1,1159,48,178,46,6,26,60,16,46,28,30,0,0,0,0,0,0,0,0,9,493,2706,0.000369549,8,4689,0.038063562,8,26.27184466,
5596,1,986,26,138,74,7,16,56,9,85,17,21,0,0,0,0,1,0,0,2,23,475,2706,0.000369549,8,4715,0.038063562,8,26.27184466,
5622,1,1599,47,180,63,14,22,72,22,121,27,44,0,0,4,0,0,0,0,0,45,661,2706,0.000369549,8,4741,0.038063562,8,26.27184466,
5649,1,3968,144,573,189,77,60,93,51,155,41,111,0,2,6,0,0,0,0,1,78,1581,2706,0.000369549,8,4767,0.038063562,8,26.27184466,
5908,1,2513,249,372,181,25,16,15,342,71,14,22,2,0,0,0,0,0,0,1,39,1349,2706,0.000369549,8,4794,0.038063562,8,26.27184466,
5954,1,1129,26,130,51,13,17,2,13,78,5,14,2,0,5,0,0,0,0,0,23,379,2706,0.000369549,8,4820,0.038063562,8,26.27184466,
5982,1,1260,11,145,95,7,11,7,6,51,11,15,0,0,1,0,0,0,0,0,13,373,2706,0.000369549,8,4846,0.038063562,8,26.27184466,
6008,1,871,20,117,52,5,10,12,8,32,8,19,2,0,2,2,0,0,0,0,25,314,2706,0.000369549,8,4872,0.038063562,8,26.27184466,
6035,1,1371,57,162,113,19,23,19,14,77,23,46,2,0,0,2,0,0,0,4,38,599,2706,0.000369549,8,4899,0.038063562,8,26.27184466,
6061,1,1209,14,367,70,6,5,10,2,6,34,15,5,0,2,2,0,0,0,2,10,550,2706,0.000369549,8,4925,0.038063562,8,26.27184466,
6087,1,1364,42,221,187,4,15,13,16,37,17,17,1,0,0,0,0,0,0,1,27,598,2706,0.000369549,8,4951,0.038063562,8,26.27184466,
6114,1,780,13,77,121,3,11,9,6,29,5,19,2,0,1,0,0,0,0,1,8,305,2706,0.000369549,8,4978,0.038063562,8,26.27184466,
6140,1,644,22,101,65,0,7,11,11,30,11,16,0,0,0,1,0,0,0,0,15,290,2706,0.000369549,8,5004,0.038063562,8,26.27184466,
6166,1,556,9,79,92,1,7,3,9,20,5,12,1,0,2,0,0,0,0,0,14,254,2706,0.000369549,8,5030,0.038063562,8,26.27184466,
6193,1,1866,309,170,21,5,16,56,27,76,22,85,7,1,0,0,0,2,0,2,26,825,2706,0.000369549,8,5056,0.038063562,8,26.27184466,
6220,1,774,6,100,72,2,9,6,2,33,5,11,0,0,0,0,0,0,0,0,8,254,2706,0.000369549,8,5083,0.038063562,8,26.27184466,
6246,1,502,14,84,29,3,7,9,7,20,7,8,0,0,1,0,0,0,0,1,9,199,2706,0.000369549,8,5109,0.038063562,8,26.27184466,
6272,1,1376,27,380,32,8,17,20,12,63,7,25,5,1,3,0,0,0,0,1,22,623,2706,0.000369549,8,5135,0.038063562,8,26.27184466,
6298,1,588,27,107,12,2,11,6,7,30,11,18,3,0,1,0,0,0,0,0,6,241,2706,0.000369549,8,5161,0.038063562,8,26.27184466,
6325,1,604,28,133,21,5,19,9,12,30,15,26,6,0,0,1,0,0,0,1,10,316,2706,0.000369549,8,5188,0.038063562,8,26.27184466,
6351,1,394,17,92,11,5,17,5,5,23,8,13,3,0,1,0,0,0,0,1,10,211,2706,0.000369549,8,5214,0.038063562,8,26.27184466,
6377,1,459,3,106,53,4,2,0,4,34,28,62,2,0,0,0,0,0,0,0,4,302,2706,0.000369549,8,5240,0.038063562,8,26.27184466,
6475,1,919,85,146,15,1,18,16,11,32,13,20,3,0,0,1,0,1,0,0,8,370,2706,0.000369549,8,5267,0.038063562,8,26.27184466,4949
191,0,417,18,62,180,3,1,1,0,0,0,0,0,0,1,0,0,0,0,0,11,277,170,0.005882353,9,5325,0.023529412,9,42.5,
4271,0,1318,351,216,369,1,3,0,5,1,0,0,0,0,0,0,0,0,0,0,25,971,170,0.005882353,9,5368,0.023529412,9,42.5,
5163,0,1237,3,351,492,0,22,0,18,1,0,0,0,0,3,0,0,0,0,0,7,897,170,0.005882353,9,5410,0.023529412,9,42.5,
5744,0,1649,135,242,301,0,6,198,9,13,19,2,0,1,4,0,0,0,22,0,26,978,170,0.005882353,9,5453,0.023529412,9,42.5,
517,0,1557,185,153,169,23,7,34,8,41,0,22,0,1,0,0,0,0,0,0,10,653,20,0.05,10,5468,0.1,10,10,
5734,0,1000,73,176,326,0,4,48,7,16,4,1,0,0,0,0,0,0,9,1,29,694,20,0.05,10,5478,0.1,10,10,
2072,1,117,7,33,18,19,0,5,1,2,10,1,0,1,0,0,0,0,0,0,6,103,85,0.011764706,11,5489,0.047058824,11,21.25,
3896,1,2223,318,630,101,345,11,0,6,5,5,8,4,0,2,0,1,0,0,8,17,1461,85,0.011764706,11,5510,0.047058824,11,21.25,
4651,1,3087,26,327,219,18,11,26,18,965,28,26,1,2,6,1,1,0,123,1,40,1839,85,0.011764706,11,5531,0.047058824,11,21.25,
4679,1,4801,25,796,139,13,24,46,16,1230,32,29,1,5,7,1,0,0,80,0,57,2501,85,0.011764706,11,5552,0.047058824,11,21.25,
926,1,3337,43,377,337,17,18,285,25,249,27,46,0,1,2,0,0,0,0,2,63,1492,887,0.001127396,12,5582,0.03156708,12,31.67857143,
960,1,2291,22,171,306,9,9,211,12,158,35,64,0,1,2,0,1,0,0,0,44,1045,887,0.001127396,12,5614,0.03156708,12,31.67857143,
1004,1,2074,29,158,205,8,21,232,13,278,8,24,0,0,3,0,0,0,0,0,40,1019,887,0.001127396,12,5645,0.03156708,12,31.67857143,
2084,1,1052,13,89,129,6,10,67,9,132,10,25,0,0,1,0,0,0,0,0,22,513,887,0.001127396,12,5677,0.03156708,12,31.67857143,
3061,1,1716,12,164,467,8,16,5,9,71,12,19,10,0,0,0,0,0,0,2,32,827,887,0.001127396,12,5709,0.03156708,12,31.67857143,
3092,1,1432,13,136,422,2,7,5,4,33,10,14,1,0,0,0,0,0,0,0,25,672,887,0.001127396,12,5740,0.03156708,12,31.67857143,
3124,1,1130,69,107,235,4,17,7,14,68,11,42,4,0,0,0,0,0,0,0,49,627,887,0.001127396,12,5772,0.03156708,12,31.67857143,
3156,1,919,16,117,142,4,10,3,8,57,9,20,0,0,0,0,0,0,0,1,18,405,887,0.001127396,12,5804,0.03156708,12,31.67857143,
3194,1,1130,81,126,205,7,6,9,14,71,11,29,2,0,0,0,0,0,0,3,140,704,887,0.001127396,12,5835,0.03156708,12,31.67857143,
3226,1,1872,35,156,385,6,18,19,16,99,19,36,3,0,0,0,0,0,0,0,47,839,887,0.001127396,12,5867,0.03156708,12,31.67857143,
3258,1,1008,14,92,270,2,14,11,16,31,8,10,2,0,0,0,0,0,0,0,11,481,887,0.001127396,12,5899,0.03156708,12,31.67857143,
3289,1,1300,7,151,360,8,6,7,37,38,12,18,1,0,0,0,0,0,0,0,15,660,887,0.001127396,12,5930,0.03156708,12,31.67857143,
3321,1,892,13,140,256,6,8,6,7,30,20,6,1,0,0,0,0,0,0,0,14,507,887,0.001127396,12,5962,0.03156708,12,31.67857143,
3353,1,1253,12,126,338,2,11,6,12,39,9,21,2,0,0,0,0,0,0,0,26,604,887,0.001127396,12,5994,0.03156708,12,31.67857143,
3384,1,1163,20,135,279,2,5,9,7,45,6,16,1,0,0,0,0,0,0,0,16,541,887,0.001127396,12,6025,0.03156708,12,31.67857143,
3416,1,1015,25,98,275,3,9,4,5,30,9,6,1,0,0,0,0,0,0,3,37,505,887,0.001127396,12,6057,0.03156708,12,31.67857143,
3448,1,707,21,119,139,4,5,7,1,41,6,9,0,0,0,0,0,0,0,0,18,370,887,0.001127396,12,6089,0.03156708,12,31.67857143,
3480,1,1441,5,152,375,3,13,11,12,33,7,15,1,0,0,0,0,0,0,0,23,650,887,0.001127396,12,6121,0.03156708,12,31.67857143,
3511,1,1616,11,147,375,3,19,8,9,38,14,12,6,0,0,0,0,0,0,0,24,666,887,0.001127396,12,6152,0.03156708,12,31.67857143,
3543,1,1161,15,104,333,2,9,9,12,44,16,11,0,0,0,0,0,0,0,0,18,573,887,0.001127396,12,6184,0.03156708,12,31.67857143,
3575,1,1347,11,123,369,1,11,2,13,50,11,11,1,0,0,0,0,0,0,2,32,637,887,0.001127396,12,6216,0.03156708,12,31.67857143,
3606,1,1787,19,153,462,4,24,6,26,44,10,17,3,0,0,0,0,0,0,0,22,790,887,0.001127396,12,6247,0.03156708,12,31.67857143,
3638,1,1046,10,111,222,5,10,12,15,54,14,16,1,0,0,0,0,0,0,0,29,499,887,0.001127396,12,6279,0.03156708,12,31.67857143,
3670,1,1770,26,142,493,6,18,13,10,63,20,24,1,0,0,0,0,0,0,1,56,873,887,0.001127396,12,6311,0.03156708,12,31.67857143,
3701,1,808,11,45,251,4,12,10,13,23,10,10,6,0,0,0,0,0,0,6,22,423,887,0.001127396,12,6342,0.03156708,12,31.67857143,
4573,1,1867,99,221,21,4,7,636,22,31,26,8,3,0,0,0,0,2,0,0,24,1104,887,0.001127396,12,6374,0.03156708,12,31.67857143,
4642,1,319,0,48,7,1,0,1,5,55,0,1,0,0,0,0,0,0,2,0,6,126,887,0.001127396,12,6406,0.03156708,12,31.67857143,
5466,1,2402,123,443,507,28,13,20,14,74,18,23,0,10,3,0,0,0,0,1,45,1322,887,0.001127396,12,6437,0.03156708,12,31.67857143,
